{
  "Users": [
    {
      "id": 1,
      "title": "Mr",
      "firstName": "Dev",
      "lastName": "Sha",
      "dob": "14/06/1989",
      "contact": "9848234545",
      "email": "dev1@gmail.com",
      "password": "password123",
      "token": "",
      "status": "Active"
    },
    {
      "id": 2,
      "title": "Mr",
      "firstName": "Todd",
      "lastName": "Mike",
      "dob": "14/06/1989",
      "contact": "8848234545",
      "email": "dev2@gmail.com",
      "password": "password2",
      "token": "",
      "status": "Blocked"
    },
    {
      "id": 3,
      "title": "Mr",
      "firstName": "Rohit",
      "lastName": "Sharma",
      "dob": "14/06/1989",
      "contact": "7848234545",
      "email": "dev3@gmail.com",
      "password": "password3",
      "token": "",
      "status": "InActive"
    },
    {
      "id": 4,
      "title": "Mr",
      "firstName": "Virat",
      "lastName": "Kohli",
      "dob": "14/06/1989",
      "contact": "6848234545",
      "email": "dev4@gmail.com",
      "password": "password123",
      "token": "",
      "status": "Active"
    },
    {
      "id": 5,
      "title": "Mr",
      "firstName": "Shubhman",
      "lastName": "Gill",
      "dob": "14/06/1989",
      "contact": "9848234545",
      "email": "dev5@gmail.com",
      "password": "password1",
      "token": "",
      "status": "Active"
    },
    {
      "id": 6,
      "title": "Mr",
      "firstName": "Rishabh",
      "lastName": "Pant",
      "dob": "14/06/1989",
      "contact": "9848234545",
      "email": "dev6@gmail.com",
      "password": "password1",
      "token": "",
      "status": "Active"
    },
    {
      "id": 7,
      "title": "Mr",
      "firstName": "Ravi",
      "lastName": "Aswin",
      "dob": "14/06/1989",
      "contact": "9848234545",
      "email": "dev7@gmail.com",
      "password": "password1",
      "token": "",
      "status": "Active"
    },
    {
      "id": 8,
      "title": "Mr",
      "firstName": "Ishant",
      "lastName": "SHarma",
      "dob": "14/06/1989",
      "contact": "9848234545",
      "email": "dev8@gmail.com",
      "password": "password8",
      "token": "",
      "status": "Active"
    },
    {
      "title": 1,
      "firstName": "Johnson",
      "lastName": "Williams",
      "dob": "2021-02-28T18:30:00.000Z",
      "contact": "112-121-11211",
      "email": "john@gmail.com",
      "password": "1234",
      "status": "Active",
      "id": 9
    }
  ],
  "StaffDetails": [
    {
      "userFirstName": "doctorone",
      "userLastName": "doctorlast",
      "userContactNumber": "9999994444",
      "userEmail": "doc@gmail.com",
      "userPassword": "password1",
      "userConfirmPassword": "password1",
      "userTitle": "1",
      "userRole": "1",
      "id": 1,
      "status": "Active"
    },
    {
      "userFirstName": "doctortwo",
      "userLastName": "doctorlasttwo",
      "userContactNumber": "9999994455",
      "userEmail": "doc1@gmail.com",
      "userPassword": "password1",
      "userConfirmPassword": "password1",
      "userTitle": "1",
      "userRole": "2",
      "id": 2,
      "status": "Active"
    },
    {
      "userFirstName": "doctorthree",
      "userLastName": "doctorlasttwo",
      "userContactNumber": "9999994455",
      "userEmail": "doc2@gmail.com",
      "userPassword": "password1",
      "userConfirmPassword": "password1",
      "userTitle": "1",
      "userRole": "1",
      "id": 3,
      "status": "Active"
    },
    {
      "userFirstName": "doctorfour",
      "userLastName": "doctorlastwo",
      "userContactNumber": "9999994455",
      "userEmail": "doc3@gmail.com",
      "userPassword": "password1",
      "userConfirmPassword": "password1",
      "userTitle": "1",
      "userRole": "1",
      "id": 4,
      "status": "Active"
    },
    {
      "userFirstName": "doctorfive",
      "userLastName": "doctorlasfive",
      "userContactNumber": "9999994455",
      "userEmail": "doc5@gmail.com",
      "userPassword": "password1",
      "userConfirmPassword": "password1",
      "userTitle": "1",
      "userRole": "1",
      "id": 5,
      "status": "Blocked"
    },
    {
      "userFirstName": "doctorsix",
      "userLastName": "doctorlassix",
      "userContactNumber": "9999994455",
      "userEmail": "doc6@gmail.com",
      "userPassword": "password1",
      "userConfirmPassword": "password1",
      "userTitle": "1",
      "userRole": "1",
      "id": 6,
      "status": "Active"
    },
    {
      "userFirstName": "DoctorNewDemoTest",
      "userLastName": "lastnamedoc",
      "userContactNumber": "9398989898",
      "userEmail": "doc123@gmail.com",
      "userPassword": "qwerty",
      "userConfirmPassword": "qwerty",
      "userTitle": "1",
      "userRole": "1",
      "id": 7,
      "status": "Active"
    },
    {
      "userFirstName": "asawari",
      "userLastName": "shendge",
      "userContactNumber": "1253121212",
      "userEmail": "asawari@gmail.com",
      "userPassword": "password",
      "userConfirmPassword": "password",
      "userTitle": "2",
      "userRole": "1",
      "id": 8,
      "status": "Active"
    },
    {
      "userFirstName": "asawari",
      "userLastName": "shendge",
      "userContactNumber": "7878656751",
      "userEmail": "asawari@gmail.com",
      "userPassword": "12345",
      "userConfirmPassword": "12345",
      "userTitle": "2",
      "userRole": "2",
      "id": 9,
      "status": "Active"
    }
  ],
  "AllergyDetails": [
    {
      "allergyType": "Drug Allergy",
      "allergyName": "Drug",
      "allergyClinicalInformation": "Drug Allergy Information",
      "allergyIsFatal": true,
      "allergyDescription": "Drug Allergy Description",
      "id": 8
    }
  ],
  "PatientDetails": [
    {
      "userFirstName": "asawari",
      "userLastName": "shendge",
      "userContactNumber": "1212151512",
      "userEmail": "Asawari.Shendge@citiustech.com",
      "address": "india",
      "language": "English",
      "Gender": "2",
      "age": "12",
      "DOB": "2021-02-09T18:30:00.000Z",
      "Ethinicity": "0",
      "Races": "1",
      "id": 1
    },
    {
      "userFirstName": "asawari",
      "userLastName": "shendge",
      "userContactNumber": "1212151512",
      "userEmail": "Asawari.Shendge@citiustech.com",
      "address": "india",
      "language": "English",
      "Gender": "2",
      "age": "12",
      "DOB": "2021-02-09T18:30:00.000Z",
      "Ethinicity": "0",
      "Races": "1",
      "id": 2
    },
    {
      "userFirstName": "Dev",
      "userLastName": "Sha",
      "userContactNumber": "9848234545",
      "userEmail": "dev1@gmail.com",
      "address": "india",
      "language": "english",
      "Gender": "2",
      "age": "23",
      "DOB": "2021-02-01T18:30:00.000Z",
      "Ethinicity": "1",
      "Races": "1",
      "id": 3
    },
    {
      "userFirstName": "Rohit",
      "userLastName": "Sharma",
      "userContactNumber": "7848234545",
      "userEmail": "dev3@gmail.com",
      "address": "india",
      "language": "english",
      "Gender": "1",
      "age": "12",
      "DOB": "2021-02-01T18:30:00.000Z",
      "Ethinicity": "1",
      "Races": "1",
      "id": 4
    },
    {
      "FirstName": "Johnson",
      "LastName": "Williams",
      "ContactNumber": "112-121-11211",
      "Email": "john@gmail.com",
      "HomeAddress": "US",
      "LanguagesKnown": [
        "English"
      ],
      "Gender": "1",
      "Dob": "2021-02-28T18:30:00.000Z",
      "EthinicityId": "0",
      "RaceId": "0",
      "id": 5
    }
  ],
  "PatientEmergencyDetails": [
    {
      "FirstName": "asawari",
      "LastName": "shendge",
      "ContactNumber": "2212121212",
      "Email": "asawari@gmail.com",
      "Address": "india",
      "Language": [
        "English",
        "Spanish"
      ],
      "userage": 0,
      "addressIsChecked": true,
      "DateOfBirth": "2021-02-28T18:30:00.000Z",
      "Relationship": "1",
      "id": 1
    }
  ],
  "PatientVitals": [
    {
      "Height": "6",
      "Weight": "50",
      "bloodPressure": "115",
      "bodyTemperature": "98.6",
      "respirationRate": "16",
      "id": 1
    },
    {
      "Height": "5",
      "Weight": "60",
      "bloodPressure": "110",
      "bodyTemperature": "98",
      "respirationRate": "16",
      "id": 2
    }
  ],
  "PatientDignosis": [
    {
      "DiagnosisCode": "A1814",
      "DiagnosisDescription": "Tuberculosis of prostate",
      "DiagnosisIsDepricated": "1",
      "id": 2
    },
    {
      "DiagnosisCode": "54",
      "DiagnosisDescription": "Tuberculosis of prostate",
      "DiagnosisIsDepricated": "1",
      "id": 3
    }
  ],
  "PatientProcedure": [
    {
      "ProcedureCode": "454",
      "ProcedureDescription": "Bypass Cerebral Ventricle to Mastoid Sinus with Autologous Tissue Substitute, Open Approach",
      "ProcedureIsDepricated": "1",
      "id": 9
    },
    {
      "ProcedureCode": "454",
      "ProcedureDescription": "Bypass Cerebral Ventricle to Mastoid Sinus with Autologous Tissue Substitute, Open Approach",
      "ProcedureIsDepricated": "1",
      "id": 10
    },
    {
      "ProcedureCode": "656",
      "ProcedureDescription": "Bypass Cerebral Ventricle to Nasopharynx with Autologous Tissue Substitute, Open Approach",
      "ProcedureIsDepricated": "1",
      "id": 11
    }
  ],
  "PatientMedication": [],
  "AppointmentDetails": [
    {
      "appointmentTitle": "Test 1",
      "appointmentPhysician": "1",
      "appointmentDate": "2021-03-03T18:30:00.000Z",
      "appointmentTime": "10:00",
      "appointmentDetails": "test",
      "appointmentStatus": null,
      "appointmentReason": null,
      "id": 1
    },
    {
      "appointmentTitle": "Test 2",
      "appointmentPhysician": "1",
      "appointmentDate": "2021-03-03T18:30:00.000Z",
      "appointmentTime": "10:30",
      "appointmentDetails": "qwe",
      "appointmentStatus": null,
      "appointmentReason": null,
      "id": 2
    },
    {
      "appointmentTitle": "Test 3",
      "appointmentPhysician": "1",
      "appointmentDate": "2021-03-03T18:30:00.000Z",
      "appointmentTime": "11:00",
      "appointmentDetails": "asf",
      "appointmentStatus": null,
      "appointmentReason": null,
      "id": 3
    }
  ]
}